USE `istim-item`;

LOCK TABLES `item` WRITE;
INSERT INTO `item` (`name`, `description`, `price`, `image`, `id`, `createdAt`, `updatedAt`)
VALUES
    ('Basket','No description',36,'http://lucasfercunha.com/istim-item/basket.png',1,'2014-03-08 22:42:42','2014-03-08 22:42:42'),
    ('Bee Bottle','No description',29,'http://lucasfercunha.com/istim-item/bee_bottle.png',2,'2014-03-08 22:42:42','2014-03-08 22:42:42'),
    ('Big Key','No description',452,'http://lucasfercunha.com/istim-item/big_key.png',3,'2014-03-08 22:42:42','2014-03-08 22:42:42'),
    ('Blue Mail','No description',234,'http://lucasfercunha.com/istim-item/blue_mail.png',4,'2014-03-08 22:42:42','2014-03-08 22:42:42'),
    ('Bomb','No description',64,'http://lucasfercunha.com/istim-item/bomb.png',5,'2014-03-08 22:42:42','2014-03-08 22:42:42'),
    ('Bombos Medallion','No description',482,'http://lucasfercunha.com/istim-item/bombos_medallion.png',6,'2014-03-08 22:42:42','2014-03-08 22:42:42'),
    ('Book of Mudora','No description',245,'http://lucasfercunha.com/istim-item/book_of_mudora.png',7,'2014-03-08 22:42:42','2014-03-08 22:42:42'),
    ('Boomerang','No description',259,'http://lucasfercunha.com/istim-item/boomerang.png',8,'2014-03-08 22:42:42','2014-03-08 22:42:42'),
    ('Bow','No description',68,'http://lucasfercunha.com/istim-item/bow.png',9,'2014-03-08 22:42:42','2014-03-08 22:42:42'),
    ('Bug Catching Net','No description',35,'http://lucasfercunha.com/istim-item/bug_catching_net.png',10,'2014-03-08 22:42:42','2014-03-08 22:42:42'),
    ('Cane of Byrna','No description',258,'http://lucasfercunha.com/istim-item/cane_of_byrna.png',11,'2014-03-08 22:42:42','2014-03-08 22:42:42'),
    ('Cane of Somaria','No description',428,'http://lucasfercunha.com/istim-item/cane_of_somaria.png',12,'2014-03-08 22:42:42','2014-03-08 22:42:42'),
    ('Compass','No description',213,'http://lucasfercunha.com/istim-item/compass.png',13,'2014-03-08 22:42:42','2014-03-08 22:42:42'),
    ('Crystal','No description',278,'http://lucasfercunha.com/istim-item/crystal.png',14,'2014-03-08 22:42:42','2014-03-08 22:42:42'),
    ('Ether Medallion','No description',437,'http://lucasfercunha.com/istim-item/ether_medallion.png',15,'2014-03-08 22:42:42','2014-03-08 22:42:42'),
    ('Fairy Bottle','No description',275,'http://lucasfercunha.com/istim-item/fairy_bottle.png',16,'2014-03-08 22:42:42','2014-03-08 22:42:42'),
    ('Fighter\'s Shield','No description',61,'http://lucasfercunha.com/istim-item/fighters_shield.png',17,'2014-03-08 22:42:42','2014-03-08 22:42:42'),
    ('Fighter\'s Sword','No description',62,'http://lucasfercunha.com/istim-item/fighters_sword.png',18,'2014-03-08 22:42:42','2014-03-08 22:42:42'),
    ('Fire Rod','No description',453,'http://lucasfercunha.com/istim-item/fire_rod.png',19,'2014-03-08 22:42:42','2014-03-08 22:42:42'),
    ('Flute','No description',277,'http://lucasfercunha.com/istim-item/flute.png',20,'2014-03-08 22:42:42','2014-03-08 22:42:42'),
    ('Golden Bee Bottle','No description',215,'http://lucasfercunha.com/istim-item/golden_bee_bottle.png',21,'2014-03-08 22:42:42','2014-03-08 22:42:42'),
    ('Golden Sword','No description',472,'http://lucasfercunha.com/istim-item/golden_sword.png',22,'2014-03-08 22:42:42','2014-03-08 22:42:42'),
    ('Green Jerkin','No description',96,'http://lucasfercunha.com/istim-item/green_jerkin.png',23,'2014-03-08 22:42:42','2014-03-08 22:42:42'),
    ('Hookshot','No description',270,'http://lucasfercunha.com/istim-item/hookshot.png',24,'2014-03-08 22:42:42','2014-03-08 22:42:42'),
    ('Ice Rod','No description',477,'http://lucasfercunha.com/istim-item/ice_rod.png',25,'2014-03-08 22:42:42','2014-03-08 22:42:42'),
    ('Lantern','No description',21,'http://lucasfercunha.com/istim-item/lantern.png',26,'2014-03-08 22:42:42','2014-03-08 22:42:42'),
    ('Magic Bottle','No description',59,'http://lucasfercunha.com/istim-item/magic_bottle.png',27,'2014-03-08 22:42:42','2014-03-08 22:42:42'),
    ('Magic Cape','No description',269,'http://lucasfercunha.com/istim-item/magic_cape.png',28,'2014-03-08 22:42:42','2014-03-08 22:42:42'),
    ('Magic Hammer','No description',203,'http://lucasfercunha.com/istim-item/magic_hammer.png',29,'2014-03-08 22:42:42','2014-03-08 22:42:42'),
    ('Magic Mirror','No description',202,'http://lucasfercunha.com/istim-item/magic_mirror.png',30,'2014-03-08 22:42:42','2014-03-08 22:42:42'),
    ('Magic Powder','No description',245,'http://lucasfercunha.com/istim-item/magic_powder.png',31,'2014-03-08 22:42:42','2014-03-08 22:42:42'),
    ('Magical Boomerang','No description',425,'http://lucasfercunha.com/istim-item/magical_boomerang.png',32,'2014-03-08 22:42:42','2014-03-08 22:42:42'),
    ('Map','No description',242,'http://lucasfercunha.com/istim-item/map.png',33,'2014-03-08 22:42:42','2014-03-08 22:42:42'),
    ('Master Sword','No description',246,'http://lucasfercunha.com/istim-item/master_sword.png',34,'2014-03-08 22:42:42','2014-03-08 22:42:42'),
    ('Medicine of Life and Magic','No description',453,'http://lucasfercunha.com/istim-item/medicine_of_life_and_magic.png',35,'2014-03-08 22:42:42','2014-03-08 22:42:42'),
    ('Medicine of Life','No description',231,'http://lucasfercunha.com/istim-item/medicine_of_life.png',36,'2014-03-08 22:42:42','2014-03-08 22:42:42'),
    ('Medicine of Magic','No description',271,'http://lucasfercunha.com/istim-item/medicine_of_magic.png',37,'2014-03-08 22:42:42','2014-03-08 22:42:42'),
    ('Mirror Shield','No description',224,'http://lucasfercunha.com/istim-item/mirror_shield.png',38,'2014-03-08 22:42:42','2014-03-08 22:42:42'),
    ('Moon Pearl','No description',267,'http://lucasfercunha.com/istim-item/moon_pearl.png',39,'2014-03-08 22:42:42','2014-03-08 22:42:42'),
    ('Mushroom','No description',217,'http://lucasfercunha.com/istim-item/mushroom.png',40,'2014-03-08 22:42:42','2014-03-08 22:42:42'),
    ('Pegasus Boots','No description',284,'http://lucasfercunha.com/istim-item/pegasus_boots.png',41,'2014-03-08 22:42:42','2014-03-08 22:42:42'),
    ('Pendant of Courage','No description',30,'http://lucasfercunha.com/istim-item/pendant_of_courage.png',42,'2014-03-08 22:42:42','2014-03-08 22:42:42'),
    ('Pendant of Power','No description',100,'http://lucasfercunha.com/istim-item/pendant_of_power.png',43,'2014-03-08 22:42:42','2014-03-08 22:42:42'),
    ('Pendant of Wisdom','No description',47,'http://lucasfercunha.com/istim-item/pendant_of_wisdom.png',44,'2014-03-08 22:42:42','2014-03-08 22:42:42'),
    ('Power Glove','No description',241,'http://lucasfercunha.com/istim-item/power_glove.png',45,'2014-03-08 22:42:42','2014-03-08 22:42:42'),
    ('Quake Medallion','No description',485,'http://lucasfercunha.com/istim-item/quake_medallion.png',46,'2014-03-08 22:42:42','2014-03-08 22:42:42'),
    ('Red Mail','No description',479,'http://lucasfercunha.com/istim-item/red_mail.png',47,'2014-03-08 22:42:42','2014-03-08 22:42:42'),
    ('Red Shield','No description',446,'http://lucasfercunha.com/istim-item/red_shield.png',48,'2014-03-08 22:42:42','2014-03-08 22:42:42'),
    ('Shovel','No description',275,'http://lucasfercunha.com/istim-item/shovel.png',49,'2014-03-08 22:42:42','2014-03-08 22:42:42'),
    ('Silver Bow','No description',464,'http://lucasfercunha.com/istim-item/silver_bow.png',50,'2014-03-08 22:42:42','2014-03-08 22:42:42'),
    ('Small Key','No description',206,'http://lucasfercunha.com/istim-item/small_key.png',51,'2014-03-08 22:42:42','2014-03-08 22:42:42'),
    ('Super Bomb','No description',266,'http://lucasfercunha.com/istim-item/super_bomb.png',52,'2014-03-08 22:42:42','2014-03-08 22:42:42'),
    ('Tempered Sword','No description',245,'http://lucasfercunha.com/istim-item/tempered_sword.png',53,'2014-03-08 22:42:42','2014-03-08 22:42:42'),
    ('Titan\'s Mitt','No description',449,'http://lucasfercunha.com/istim-item/titans_mitt.png',54,'2014-03-08 22:42:42','2014-03-08 22:42:42'),
    ('Zora\'s Flippers','No description',267,'http://lucasfercunha.com/istim-item/zoras_flippers.png',55,'2014-03-08 22:42:42','2014-03-08 22:42:42');
UNLOCK TABLES;


LOCK TABLES `useritem` WRITE;
INSERT INTO `useritem` (`user_id`, `item_id`, `id`, `createdAt`, `updatedAt`)
VALUES
    (1,43,1,'2014-03-08 22:57:36','2014-03-09 03:43:20'),
    (1,45,2,'2014-03-08 22:57:36','2014-03-08 22:57:36'),
    (1,34,3,'2014-03-08 22:57:36','2014-03-08 22:57:36'),
    (1,10,4,'2014-03-08 22:57:36','2014-03-08 22:57:36'),
    (1,18,5,'2014-03-08 22:57:36','2014-03-08 22:57:36'),
    (1,29,6,'2014-03-08 22:57:36','2014-03-08 22:57:36'),
    (1,33,7,'2014-03-08 22:57:36','2014-03-08 22:57:36'),
    (1,21,8,'2014-03-08 22:57:36','2014-03-08 22:57:36'),
    (1,9,9,'2014-03-08 22:57:36','2014-03-08 22:57:36'),
    (1,17,10,'2014-03-08 22:57:36','2014-03-08 22:57:36'),
    (1,48,11,'2014-03-08 22:57:36','2014-03-08 22:57:36'),
    (1,11,12,'2014-03-08 22:57:36','2014-03-08 22:57:36'),
    (1,46,13,'2014-03-08 22:57:36','2014-03-08 22:57:36'),
    (1,50,14,'2014-03-08 22:57:36','2014-03-08 22:57:36'),
    (1,25,15,'2014-03-08 22:57:36','2014-03-08 22:57:36'),
    (1,7,16,'2014-03-08 22:57:36','2014-03-08 22:57:36'),
    (1,51,17,'2014-03-08 22:57:36','2014-03-08 22:57:36'),
    (1,41,18,'2014-03-08 22:57:36','2014-03-08 22:57:36'),
    (1,1,19,'2014-03-08 22:57:36','2014-03-08 22:57:36'),
    (1,32,20,'2014-03-08 22:57:36','2014-03-08 22:57:36'),
    (1,8,21,'2014-03-08 22:57:36','2014-03-08 22:57:36'),
    (1,30,22,'2014-03-08 22:57:36','2014-03-08 22:57:36'),
    (1,44,23,'2014-03-08 22:57:36','2014-03-08 22:57:36'),
    (1,3,24,'2014-03-08 22:57:36','2014-03-08 22:57:36'),
    (3,22,26,'2014-03-08 22:58:48','2014-03-08 22:58:48'),
    (3,21,27,'2014-03-08 22:58:48','2014-03-08 22:58:48'),
    (3,24,28,'2014-03-08 22:58:48','2014-03-08 22:58:48'),
    (3,1,29,'2014-03-08 22:58:48','2014-03-08 22:58:48'),
    (3,27,30,'2014-03-08 22:58:48','2014-03-08 22:58:48'),
    (3,30,31,'2014-03-08 22:58:48','2014-03-08 22:58:48'),
    (3,25,32,'2014-03-08 22:58:48','2014-03-08 22:58:48'),
    (3,42,33,'2014-03-08 22:58:48','2014-03-08 22:58:48'),
    (3,41,34,'2014-03-08 22:58:48','2014-03-08 22:58:48'),
    (3,26,35,'2014-03-08 22:58:48','2014-03-08 22:58:48'),
    (3,7,36,'2014-03-08 22:58:48','2014-03-08 22:58:48'),
    (3,16,37,'2014-03-08 22:58:48','2014-03-08 22:58:48'),
    (3,19,38,'2014-03-08 22:58:48','2014-03-08 22:58:48'),
    (3,37,39,'2014-03-08 22:58:48','2014-03-08 22:58:48'),
    (3,29,40,'2014-03-08 22:58:48','2014-03-08 22:58:48'),
    (3,11,41,'2014-03-08 22:58:48','2014-03-08 22:58:48'),
    (4,55,42,'2014-03-08 22:58:48','2014-03-09 03:40:38'),
    (4,47,43,'2014-03-08 22:58:48','2014-03-09 03:39:28'),
    (4,14,44,'2014-03-08 22:59:24','2014-03-08 22:59:24'),
    (4,51,45,'2014-03-08 22:59:24','2014-03-08 22:59:24'),
    (4,28,46,'2014-03-08 22:59:24','2014-03-08 22:59:24'),
    (4,21,47,'2014-03-08 22:59:24','2014-03-08 22:59:24'),
    (5,22,48,'2014-03-08 22:59:47','2014-03-08 22:59:47'),
    (5,26,49,'2014-03-08 22:59:47','2014-03-08 22:59:47'),
    (5,22,50,'2014-03-08 22:59:48','2014-03-08 22:59:48'),
    (5,26,51,'2014-03-08 22:59:48','2014-03-08 22:59:48');
UNLOCK TABLES;


LOCK TABLES `sale` WRITE;
/*!40000 ALTER TABLE `sale` DISABLE KEYS */;

INSERT INTO `sale` (`useritem_id`, `sold_at`, `id`, `createdAt`, `updatedAt`)
VALUES
    (1,NULL,1,'2014-03-13 13:49:54','2014-03-13 13:49:54'),
    (2,NULL,2,'2014-03-13 13:50:00','2014-03-13 13:50:00'),
    (3,NULL,3,'2014-03-13 13:50:04','2014-03-13 13:50:04'),
    (4,'2014-03-13',4,'2014-03-13 13:50:10','2014-03-13 13:50:10');

/*!40000 ALTER TABLE `sale` ENABLE KEYS */;
UNLOCK TABLES;